<?xml version="1.0" encoding="UTF-8"?>
<hibernate-configuration>
    <session-factory>
        <property name="hibernate.dialect">org.hibernate.dialect.PostgreSQL82Dialect</property>
        <property name="hibernate.connection.driver_class">org.postgresql.Driver</property>
        <property name="hibernate.connection.username">java_reload_user</property>
        <property name="hibernate.connection.password">12345</property>
        <property name="hibernate.connection.url">jdbc:postgresql://localhost:5432/Library</property>
        <!-- Drop and re-create the database schema on startup -->
        <property name="hbm2ddl.auto">update</property>
        <property name="show_sql">true</property>

        <!-- MAPPINGS -->
        <mapping class="com.example.SpringRest.model.Book"/>
        <mapping class="com.example.SpringRest.model.Student"/>
        <mapping class="com.example.SpringRest.model.StudentBook"/>
    </session-factory>
</hibernate-configuration>